row	model	info_kernel	backend	regime	gpu_pct	empirical_roofline	optimized_roofline	e2e_uplift	tier	status	task	source_package	device_symbol	target_callable	reason
DS-1	DeepSeek-V4-Pro	MLA	tilelang	decode	44.9	18%	18.1%		1	BUILT	deepseek-v4-pro__dsa_sparse_mla_attn	Z/DeepSeek-V4-Pro_dsa_sparse_mla_attn	main_kernel	sglang.kernels.ops.attention.dsa.tilelang_kernel:dpsk_v4_fp8_attention_fwd	chushi optimized ~5.90x roofline~0.31; zhuqiong optimized ~8.63x roofline~0.51
DS-2	DeepSeek-V4-Pro	MoE stage-1 mfma_moe1_silu_mul_afp8_wfp4_fp8_t32x128x256	flydsl / aiter_asm	decode+prefill	7.3	~100% HBM (raw 146%, byte model over-counts)			1	BUILT	deepseek-v4-pro__moe_stage1_grouped_gemm_silu_flydsl	Z/DeepSeek-V4-Pro_moe_stage1_grouped_gemm_silu_flydsl	mfma_moe1_silu_mul_afp8_wfp4_fp8_t32x128x256_pm1_fp8q_sort_async_gui_xcd4_v32	aiter.ops.flydsl:flydsl_moe_stage1	PERF CAVEAT observed 2026-09-15: the GEAK fallback returned five per-case rows whose baseline_ms was populated but whose optimized_ms was absent, so the candidate leg was never timed. The runner now drops such rows instead of publishing them with a -1.0 sentinel (which previously made the report read status=ok with no real numbers in it). Re-run and check rows_without_a_candidate_time in build/performance_report.json; if it stays at 5, the UT is not timing the candidate leg at all for this op and that needs the package owner. PERF LIMITATION, re-confirmed on GPU 2026-09-16 with the corrected runner: BOTH performance paths fail for this op. scripts/_bench.py skips every captured record (fallback_reason shows [skip] on each), and the GEAK fallback returns 5 per-case rows whose baseline_ms is populated but whose optimized_ms is absent - the UT prints GEAK_WEIGHTED_SPEEDUP: None, i.e. the harness itself could not compute a speedup. The correctness leg passes. The runner now reports status=fail with rows_without_a_candidate_time=5 rather than publishing -1.0 sentinels as if they were measurements. Likely related to the dispatch note the run prints: 'FlyDSL MoE: tile_n=256 does not divide inter_dim=384; forcing tile_n=128. tile=256 is NOT usable/tunable'. Needs the package owner: the candidate leg is not being timed for this op.
DS-3	DeepSeek-V4-Pro	MoE stage-2 opus_moe_stage2_a8w4_decode_kernel_gfx950	aiter	decode+prefill	3.7	~98% HBM (raw 144%, byte model over-counts)			1	BUILT	deepseek-v4-pro__moe_stage2_down_proj_reduce_opus_a8w4	Z/DeepSeek-V4-Pro_moe_stage2_down_proj_reduce_opus_a8w4	opus_moe_stage2_a8w4_decode_kernel_gfx950	aiter.ops.opus.moe_stage2_a8w4_fused_adapter:opus_a8w4_stage2_wrapper	PERF CAVEAT observed 2026-09-15: the GEAK fallback returned five per-case rows whose baseline_ms was populated but whose optimized_ms was absent, so the candidate leg was never timed. The runner now drops such rows instead of publishing them with a -1.0 sentinel (which previously made the report read status=ok with no real numbers in it). Re-run and check rows_without_a_candidate_time in build/performance_report.json; if it stays at 5, the UT is not timing the candidate leg at all for this op and that needs the package owner. PERF LIMITATION, confirmed on GPU 2026-09-16: same as DS-2 - correctness passes, but neither performance path produces a candidate time (_bench skips every record; the GEAK fallback returns rows with baseline_ms but no optimized_ms). Both DeepSeek MoE stage tasks share this, so it is a property of that UT generation, not of one op. Reported as status=fail with rows_without_a_candidate_time rather than published as -1.0 sentinels. Needs the package owner.
DS-4	DeepSeek-V4-Pro	cross_device_reduce_2stage	aiter	decode	3.3	1.8% HBM (comm kernel; real roof is xGMI, not HBM)			3	GAP					collective/communication kernel. Confirmed absent: no meta.json in any readable UT tree mentions all_reduce/allreduce/cross_device. The only related material anywhere is C++ headers (quick_all_reduce.cuh, custom_all_reduce.cuh) and prebuilt .so objects inside a recovered aiter JIT build tree - no unittest.py, no oracle, and no single-GPU-runnable seam, since these take multi-rank IPC handles. A single-GPU op harness cannot represent it; it needs a multi-rank capture.
DS-5	DeepSeek-V4-Pro	allreduce_prototype_twoshot	sgl_kernel / quickreduce	prefill	2.0	5.6% HBM (comm kernel; real roof is xGMI, not HBM)			3	GAP					collective/communication kernel. Confirmed absent: no meta.json in any readable UT tree mentions all_reduce/allreduce/cross_device. The only related material anywhere is C++ headers (quick_all_reduce.cuh, custom_all_reduce.cuh) and prebuilt .so objects inside a recovered aiter JIT build tree - no unittest.py, no oracle, and no single-GPU-runnable seam, since these take multi-rank IPC handles. A single-GPU op harness cannot represent it; it needs a multi-rank capture.
Q38-1	Qwen3.8-2.4T-A95B-MXFP4	mfma_moe1_silu_mul_afp4_wfp4_bf16_t32x128x256_pm1_async_v32 -> t32x32x256	AITER / FlyDSL	decode	21.06	73.05% memory-bound	82.37% memory-bound	E1 FMoE 6-row +1.025%; E3 E1+E2 native stack +3.922%	1	BUILT	qwen3.8-2.4t__fused_moe_2stage_mxfp4	P/fused_moe_mxfp4_task	mfma_moe1_silu_mul_afp4_wfp4_bf16_t32x128x256_pm1_async_v32	aiter.fused_moe:fused_moe	
Q38-2	Qwen3.8-2.4T-A95B-MXFP4	mfma_moe2_afp4_wfp4_bf16_cshuffle_t32x128x256 [atomic_bnt2 -> atomic]	AITER / FlyDSL	decode	11.58	75.47% memory-bound	71.65% memory-bound	E1 FMoE 6-row +1.025%; E3 E1+E2 native stack +3.922%	1	BUILT	qwen3.8-2.4t__fused_moe_2stage_mxfp4	P/fused_moe_mxfp4_task	mfma_moe2_afp4_wfp4_bf16_cshuffle_t32x128x256_vscale_fix3_fp4opt_v1_persist_cu256 (ledger hk02 observed kernel)		same aiter.fused_moe:fused_moe seam as Q38-1 - stage 2 of the same 2-stage call, gated separately by ledger hk02 which asserts the stage-2 device kernel.
Q38-3	Qwen3.8-2.4T-A95B-MXFP4	FMoE 2-stage - S1 t64x128 + S2 atomic -> S1 t128x64 + S2 atomic_persist	AITER / FlyDSL	prefill	15.73	22.6% memory-bound	23.7% memory-bound	E1 FMoE 6-row +1.025%; E3 E1+E2 native stack +3.922%	1	BUILT	qwen3.8-2.4t__fused_moe_2stage_mxfp4	P/fused_moe_mxfp4_task			prefill half of the same seam; ledger hk03 asserts both prefill stage kernels. Live capture authority is M=8192 (the M=16384 plan hint was not promoted).
Q38-4	Qwen3.8-2.4T-A95B-MXFP4	Cijk_Alik_Bljk_BBS_BH_Bias_HA_S_SAV_UserArgs_MT256x240x64_MI -> MT256x256x64_MI	hipBLASLt / Tensile	prefill	15.56	40.1% compute-bound	64.3% compute-bound	E4 Prefill GEMM 5-row +1.563% paired / +2.306% native	1	BUILT	qwen3.8-2.4t__dense_bf16_gemm_cluster	P/dense_bf16_gemm_task	Cijk_Alik_Bljk_BBS_BH_Bias_HA_S_SAV_UserArgs_MT256x240x64_MI -> MT256x256x64_MI (ledger hk04 dispatches hipblaslt)	aiter.tuned_gemm:gemm_a16w16	Q38-4..Q38-8 are one aiter.tuned_gemm seam with five live shapes (ledger hk04-hk08): the M=16384 prefill GEMM plus the four M=64 decode shapes that share the 21.43% bucket. The oracle is a deterministic runtime torch.nn.functional.linear baseline, not a frozen tensor blob, so the performance leg uses the GEAK interleaved legs rather than record replay. gpu_pct 21.43 is a bucket SHARED by Q38-5..Q38-8 - one aiter.tuned_gemm seam, four decode shapes. It is not additive: do not sum it across those four rows. Identity caveat: this package's distinct_baseline_candidate gate compares the candidate against torch.nn.functional.linear rather than against the unshadowed aiter callable, and _callable_identity reports the decorator's source file, so the gate does not by itself prove the timed code is source/tuned_gemm_candidate.py. The overlay rebind IS observable in the run log ('[overlay] rebound aiter.tuned_gemm:gemm_a16w16 -> tuned_gemm_candidate.gemm_a16w16'); check for that line before trusting a speedup on this task.
Q38-5	Qwen3.8-2.4T-A95B-MXFP4	gemm_a16w16 M64 N32 K8192 - torch solution:0 -> native (retained control)	torch native	decode	21.43	1.95% memory-bound	1.95% memory-bound	E2 Decode GEMM 22-row +2.039%; E3 E1+E2 native stack +3.922%	1	BUILT	qwen3.8-2.4t__dense_bf16_gemm_cluster	P/dense_bf16_gemm_task	torch native (ledger hk05 records backend=torch, no Cijk event)	aiter.tuned_gemm:gemm_a16w16	gpu_pct 21.43 is a bucket SHARED by Q38-5..Q38-8 - one aiter.tuned_gemm seam, four decode shapes. It is not additive: do not sum it across those four rows. NOTE on hk05 specifically: the info table calls it 'native (retained control)' and the package dispatches it through torch, which is also the UT's baseline - so this single case is a control that by construction cannot show a speedup or catch a regression. The other four shapes carry the measurement.
Q38-6	Qwen3.8-2.4T-A95B-MXFP4	gemm_a16w16 M64 N512 K8192 - torch solution:0 -> flydsl t16x64x256 split-K8	torch -> AITER FlyDSL	decode	21.43	10.96% memory-bound	12.9% memory-bound	E2 Decode GEMM 22-row +2.039%; E3 E1+E2 native stack +3.922%	1	BUILT	qwen3.8-2.4t__dense_bf16_gemm_cluster	P/dense_bf16_gemm_task	flydsl t16x64x256 split-K8 (ledger hk06 records backend=flydsl)		gpu_pct 21.43 is a bucket SHARED by Q38-5..Q38-8 - one aiter.tuned_gemm seam, four decode shapes. It is not additive: do not sum it across those four rows.
Q38-7	Qwen3.8-2.4T-A95B-MXFP4	gemm_a16w16 M64 N4608 K8192 - torch solution:0 -> bf16gemm_fp32bf16_tn_64x64_splitk_clean	torch -> AITER ASM	decode	21.43	37.37% memory-bound	51.68% memory-bound	E2 Decode GEMM 22-row +2.039%; E3 E1+E2 native stack +3.922%	1	BUILT	qwen3.8-2.4t__dense_bf16_gemm_cluster	P/dense_bf16_gemm_task	bf16gemm_fp32bf16_tn_64x64_splitk_clean (ledger hk07 records backend=asm)		gpu_pct 21.43 is a bucket SHARED by Q38-5..Q38-8 - one aiter.tuned_gemm seam, four decode shapes. It is not additive: do not sum it across those four rows.
Q38-8	Qwen3.8-2.4T-A95B-MXFP4	gemm_a16w16 M64 N8192 K256 - torch solution:0 -> flydsl t32x64x64 split-K1	torch -> AITER FlyDSL	decode	21.43	9.23% memory-bound	13.98% memory-bound	E2 Decode GEMM 22-row +2.039%; E3 E1+E2 native stack +3.922%	1	BUILT	qwen3.8-2.4t__dense_bf16_gemm_cluster	P/dense_bf16_gemm_task	flydsl t32x64x64 split-K1 (ledger hk08 records backend=flydsl)		gpu_pct 21.43 is a bucket SHARED by Q38-5..Q38-8 - one aiter.tuned_gemm seam, four decode shapes. It is not additive: do not sum it across those four rows.
Q38-9	Qwen3.8-2.4T-A95B-MXFP4	paged_attention_ll4mi_QKV_mfma16_kernel	AITER / CK asm	decode	6.84	48.2% memory-bound		Stage-A scenario +0.25% (NOT measured)	1	BUILT	qwen3.8-2.4t__paged_attention_decode	P/paged_attention_decode_task	paged_attention_ll4mi_QKV_mfma16_kernel	aiter.ops.attention:paged_attention_ragged	the live capture yielded exactly one decode geometry (M=64, 521351 referenced KV pages). The callable must return the supplied output buffer and leave query/KV/metadata/scales unchanged - the UT checks that, not just the values. source/ also stubs direct_register_custom_op so loading the overlay copy does not re-register the torch.library schemas the production module already owns; keep it.
Q38-10	Qwen3.8-2.4T-A95B-MXFP4	fused_recurrent_gated_delta_rule_packed_decode_kernel	Triton	decode	6.44	53.5% memory-bound		Stage-A scenario +2.39% (NOT measured)	1	BUILT	qwen3.8-2.4t__fused_recurrent_gated_delta_rule_decode	P/gated_delta_decode_task	fused_recurrent_gated_delta_rule_packed_decode_kernel	sglang.srt.layers.attention.linear.kernels.gdn_triton:fused_recurrent_gated_delta_rule_packed_decode	two live records, B=64 and B=1, compared as an ordered pair: the UT checks the recurrent state transition, not just the output tensor.
Q38-11	Qwen3.8-2.4T-A95B-MXFP4	_gemma_fused_add_rmsnorm_kernel	Triton	prefill+decode	5.06	77.9% memory-bound		planning scenario ~+0.24% (NOT measured)	1	BUILT	qwen3.8-2.4t__gemma_fused_add_rmsnorm	P/fused_add_rmsnorm_task	_gemma_fused_add_rmsnorm_kernel	sglang.srt.layers.layernorm:rocm_triton_gemma_fused_add_rmsnorm	prefill M=8192 and decode M=64 at N=8192. The oracle is a deterministic runtime baseline rather than a frozen blob; source/ is byte-identical to the deployed kernel, so the first measurement is a null run.
K3-1	Kimi-K3	_fwd_grouped_kernel_stage1	triton (attention)	decode	9.95	0.297	0.409	+2.439%	1	BUILT	kimi-k3__fwd_grouped_kernel_stage1	Z/Kimi-K3_fwd_grouped_kernel_stage1	_fwd_grouped_kernel_stage1	sglang.kernels.ops.attention.decode_attention:_decode_grouped_att_m_fwd	
K3-2	Kimi-K3	Cijk_..._MT256x256x64_MI	hipBLASLt / Tensile via aiter.tuned_gemm	prefill	9.14	0.647	0.648	+5.479%	2	NOT_BUILT	kimi-k3__dense_bf16_gemm_cijk	Z/Kimi-K3_dense_bf16_gemm_cijk	Cijk_Alik_Bljk_BBS_BH_Bias_HA_S_SAV_UserArgs_MT256x256x64_MI16x16x1_...	aiter.tuned_gemm:torch_gemm	IMAGE-VERIFIED 2026-09-15: the editable source EXISTS in the row's own runtime image. sglang-rocm-k3:rocm720-mi35x-k3-20260727-tl312-08011830 (sglang 0e756912eb3c, aiter 68e42f5f4615) carries /sgl-workspace/aiter/aiter/tuned_gemm.py (23412 bytes) defining gemm_a16w16:352, torch_gemm:480, class TunedGemm:684. Note it is a DIFFERENT aiter build from the copy already in this suite (23148 bytes, aiter d9e5ef7) - take K3-2's copy from the k3 image, not from qwen3.8-2.4t__dense_bf16_gemm_cluster/source/. The package itself ships a 210 MB frozen oracle but no kernel_src and no candidate_bind, so the remaining work is: vendor tuned_gemm.py from the k3 image, add candidate_bind, re-capture parity. Hazard: solMap:673 is built at import time holding direct function objects, so a bare setattr on the module is a DEAD rebind. Caveat on value: the 0831 audit found this is the one genuinely COMPUTE-bound head (AI 2356 >> ridge 312, 63.69% of roof) with hipBLASLt already optimal.
K3-3	Kimi-K3	allreduce_prototype_twoshot	quickreduce two-shot (CodecQ8) - sgl-kernel / aiter		9.12				3	GAP					collective/communication kernel. Confirmed absent: no meta.json in any readable UT tree mentions all_reduce/allreduce/cross_device. The only related material anywhere is C++ headers (quick_all_reduce.cuh, custom_all_reduce.cuh) and prebuilt .so objects inside a recovered aiter JIT build tree - no unittest.py, no oracle, and no single-GPU-runnable seam, since these take multi-rank IPC handles. A single-GPU op harness cannot represent it; it needs a multi-rank capture.
K3-4	Kimi-K3	moe_gemm1_0	aiter asm (AOT) - fused_moe_2stages stage-1 gate+up - mxfp4 w + bf16 act	prefill	6.51	0.254			1	BUILT	kimi-k3__moe_gemm1_stage1	Z/Kimi-K3_moe_gemm1_0	moe_gemm1_0	aiter.ops.flydsl.moe_kernels:flydsl_moe_stage1	oracle uses the synthetic {schema,cases,spec} layout, not {target,records} - performance falls back to the GEAK harness. Known upstream aiter nondeterminism: UT gates on a 21-launch elementwise median. Confirmed 2026-09-15 as flakiness, not a miscompare: one random draw of nine reported correct=False max_rel_err=0.71 while every other check was bitwise 0.0, and the candidate is byte-identical to the baseline it was compared against, so a real math difference is impossible. It passed on 2026-09-14 and passed again minutes later within the same 09-15 sweep. Do not treat a single archived exit code as this task's verdict; use best-of-N.
K3-5	Kimi-K3	moe_gemm2_0	aiter asm (AOT) / flydsl opus - fused_moe_2stages stage-2 down - mxfp4 + bf16	prefill	5.47	0.230			1	BUILT	kimi-k3__moe_gemm2_stage2	Z/Kimi-K3_moe_gemm2_0	moe_gemm2_0	aiter.ops.flydsl.moe_kernels:flydsl_moe_stage2	same synthetic oracle layout as K3-4.
K3-6	Kimi-K3	_score_kernel (+ _combine_kernel)	Triton - sglang srt/layers/attn_residual.py, two launches from one callable _mix_fused	prefill	5.26				2	NOT_BUILT	kimi-k3__score_combine_mix_fused	Z/Kimi-K3_score_kernel	_score_kernel + _combine_kernel	sglang.srt.layers.attn_residual:_mix_fused	IMAGE-VERIFIED 2026-09-15: the editable source EXISTS in the row's own runtime image. sglang-rocm-k3:rocm720-mi35x-k3-20260727-tl312-08011830 (sglang 0e756912eb3c, aiter 68e42f5f4615) carries /sgl-workspace/sglang/python/sglang/srt/layers/attn_residual.py (17379 bytes) defining @triton.jit _score_kernel:103, @triton.jit _combine_kernel:143 and the _mix_fused:197 callable that launches both - all three targets. VERSION WARNING: the baseline_ref/attn_residual.py.orig the UT package ships is 19681 bytes, and the v0.5.17 image's copy is 19298 - neither matches the 17379 in the k3 image this row actually runs under. Confirm with the package owner which build the capture came from before vendoring. The package has no kernel_src, no frozen oracle (hand-written UT, fp32 reference + live parity), no candidate_bind and no overlay_setup.py, so an edit to source/ would be inert in the measurement until a bind is added. Note also that the k3 image has no kernels/ops/kimi_k3/attn_res_hip.py, i.e. the 1.4994x replacement path measured elsewhere is not in this image.
G53-1	GLM-5.3-Flash	fused_moe_kernel	Triton - sglang srt/layers/moe/moe_runner/triton_utils.fused_moe	decode	23.32	0.980		3.48%	1	BUILT	glm-5.3-flash__fused_moe_kernel	H/GLM-5.3-Flash_fused_moe_kernel	fused_moe_kernel	sglang.srt.layers.moe.moe_runner.triton_utils.fused_moe:fused_experts_impl	TWO blockers, in firing order. (1) IMAGE: runs only on sglang:v0.5.18-rocm720-mi35x-profilerfix - the stack it was captured on per its own ut/README.md. Under the model-level v0.5.17 pin it dies first at ut/sglang_bootstrap.py:39 with AttributeError: 'RuntimeContext' object has no attribute 'is_config_namespace_published', which is a 0.5.18+ API. This row now carries a docker override. (2) ARCH PATCH: with the right image but no patch it dies next at sglang_bootstrap.py:43 with ValueError: model type 'glm5_next' not recognized - it is the only package that boots sglang's ServerArgs against the real checkpoint, and the stock image registers no glm5_next architecture. Apply /shared_nfs/hongtaom/qwen3_14B/hl_matrix_0824/patches/glm53-flash/001_glm5_next_arch_enablement.patch to /sgl-workspace/sglang before running. Both were verified green together on 2026-09-13 by the package owner. NOTE also that an uncaught harness exception here surfaces as exit=1, which the runner labels 'correctness FAIL' - it is an environment failure; ut/unittest.py:47 lacks the try/except its neighbours have. VERIFIED GREEN 2026-09-16: with the v0.5.18 docker override and the glm5_next patch applied via pre_run_patch, all three legs pass (performance 3 cases via the GEAK fallback).
G53-2	GLM-5.3-Flash	Cijk_..._MT16x16x1024_	hipBLASLt / Tensile	decode	6.31	0.024	0.024	-7.01%	2	NOT_BUILT	glm-5.3-flash__gemm_a16w16_bf16_cijk	H/GLM-5.3-Flash_gemm_a16w16_bf16_Cijk_0913	Cijk_..._MT16x16x1024_MI / Cijk_..._MT32x32x512_MI1	aiter.tuned_gemm:gemm_a16w16	IMAGE-VERIFIED 2026-09-15: the editable source EXISTS in the row's own runtime image. sglang:v0.5.17-rocm720-mi35x-profilerfix (sglang 2948168546, aiter d9e5ef7ce08e) carries /sgl-workspace/aiter/aiter/tuned_gemm.py (23148 bytes, gemm_a16w16:354, torch_gemm:479, class TunedGemm:683, solMap:672) - byte-size and aiter commit identical to the copy already vendored in this suite at tasks/headkernel/qwen3.8-2.4t__dense_bf16_gemm_cluster/source/tuned_gemm_candidate.py, so that copy is version-correct for this row. The package ships 27 cases and the clearest rebind recipe of any open row, but no kernel_src and no frozen oracle (meta.oracle is the string 'synthesized_fp32_matmul'). Remaining work: wire the source in, add candidate_bind (watch the import-time solMap - a bare setattr is a dead rebind), capture an oracle. Tuning it in cycle 0 cost -7.01% e2e, so verify the headroom before investing.
G53-3	GLM-5.3-Flash	ck_gemm_..._blockscale_b_	CK / CKTile via aiter	decode	5.65	0.029	0.029	-0.13%	2	NOT_BUILT	glm-5.3-flash__ck_gemm_a8w8_blockscale_bpreshuffle	H/GLM-5.3-Flash_ck_gemm_a8w8_blockscale_bpreshuffle_0913	ck_gemm_a8w8_blockscale_bpreshuffle		IMAGE-VERIFIED 2026-09-15: a Python dispatcher for this seam EXISTS, which corrects the earlier note that nothing Python defines it. sglang:v0.5.17-rocm720-mi35x-profilerfix (sglang 2948168546, aiter d9e5ef7ce08e) carries /sgl-workspace/aiter/aiter/ops/gemm_op_a8w8.py with gemm_a8w8_blockscale_bpreshuffle:896 plus _ck:316, _cktile:331, _asm:397 and _flydsl:203 variants, and the production entry is sglang srt/layers/quantization/fp8_utils.py:1062. What remains genuinely non-editable is the profiled DEVICE symbol itself - a CK C++ template instantiation (ck::kernel_gemm_xdl_cshuffle_v3_multi_d_blockscale_b_preshuffle) with no Python behind it. So this row is optimizable only at the dispatch/tiling level or by replacing the CK call, not by editing the kernel. The package has 21 cases, no kernel_src and no frozen oracle (meta.oracle = 'synthesized_dequant_fp32'). Measured 1.4451x isolated -> -0.438% e2e.
G53-4	GLM-5.3-Flash	tilelang_sparse_fwd	TileLang (DSA attn)	decode	5.22	0.230			3	GAP		H/GLM-5.3-Flash_tilelang_sparse_fwd_0913			IMAGE-VERIFIED 2026-09-15: the editable source EXISTS and the upstream package's 'two conflicting source path records, unresolved' note is now resolved. sglang:v0.5.17-rocm720-mi35x-profilerfix (sglang 2948168546, aiter d9e5ef7ce08e) carries /sgl-workspace/sglang/python/sglang/kernels/ops/attention/dsa/tilelang_kernel.py (107156 bytes) defining tilelang_sparse_fwd:1317, with the @tilelang.jit factories it drives (sparse_attention_fwd_kernel_v1:262, v2:439) in the same file; the production caller is srt/layers/attention/dsa_backend.py:2926. What is missing is the HARNESS, not the kernel: the UT package contains only a zero-byte NOT_BUILT marker, a README, harness_lib.py, profile_roofline.{json,md} and an _evidence/ tree - no unittest.py, no meta.json, no workload.json, no oracle. Note this is the same file GLM-5.2's two DSA tasks already use, so the build recipe can be copied from glm-5.2-mxfp4__dsa_decode / __dsa_mla_core_prefill; the capture geometry is what differs.
G53-5	GLM-5.3-Flash	elementwise_kernel_manual_unroll	ATen direct_copy_kernel_cuda	decode	3.24	0.0006	0.0009		1	BUILT	glm-5.3-flash__elementwise_copy_cluster	H/GLM-5.3-Flash_elementwise_copy_cluster_0913	elementwise_kernel_manual_unroll<128,4,...direct_copy_kernel_cuda...>	sglang.srt.layers.quantization.fp8_utils:materialize_bpreshuffle_fp8_scale	1.4253x isolated, e2e never measured. Correctness is two-part: values AND transposed-contiguous physical stride.
MM-1	MiniMax-M3-MXFP4	decode_score_kernel	Triton / attention	decode	11.63	60.0%	86%	-0.15% (not accepted)	1	BUILT	minimax-m3__decode_score_kernel	Z/MiniMax-M3-MXFP4_decode_score_kernel	_decode_score_kernel	sglang.kernels.ops.attention.minimax_sparse.decode.flash_with_topk_idx:flash_decode_with_topk_idx	1.581x holds only when trivial-topk holds; at serving ISL 8192 it does not. RESOLVED 2026-09-16: the missing ut/timing_geometry.pt was located in the ORIGINAL GEAK capture directory named in the package's own ut/README.md, and its sha256 matches the value ut/meta.json records exactly - so this is the authentic artifact, not a reconstruction. build_suite.py now copies it in via the manifest's extra_files. Correction to an earlier note in this file: _geo() is NOT on the frozen-oracle comparison path - unittest.py completes the recorded-oracle check first and only then reaches the geometry, so the earlier claim that the leg died 'before any comparison' was wrong.
MM-2	MiniMax-M3-MXFP4	moe_flatmm_geamm1_ck	ck / fused moe	decode	7.49	14.9%			3	GAP					RE-INVESTIGATED 2026-09-15, both in the raw UT trees and in the row's runtime image. The earlier 'never captured, no source anywhere' verdict was WRONG on the source half; it failed because moe_flatmm/geamm1 is the CK DEVICE symbol, not the Python name. SOURCE EXISTS, full call chain in sglang:v0.5.17-rocm720-mi35x-profilerfix (aiter d9e5ef7): aiter/fused_moe.py:441 fused_moe (123474 bytes, the editable dispatcher) -> fused_moe.py:3348 aiter.moe_cktile2stages_gemm1(...) -> aiter/ops/moe_op.py:418 moe_cktile2stages_gemm1 -> moe_op.py:397 moe_cktile2stages_gemm1_ck, decorated @compile_ops('module_moe_cktile2stages', fc_name='cktile_moe_gemm1'), which lands on the CK template instantiations (17 opus_gemm_flatmm_splitk_*.cuh under aiter/jit/build/module_deepgemm_opus/blob/impl/). The sibling stage-2 is moe_cktile2stages_gemm2_ck:459. Editable surface is the dispatcher and its tiling arguments (block_m, split_k, kernel_name); the device kernel itself is CK C++. WHAT IS ACTUALLY MISSING IS THE CAPTURE. No UT package targets this path. The closest is Z/MiniMax-M3-MXFP4_mfma_moe2_t128x128x256_0911, which is unused by this suite and is surprisingly complete - 2.82 GB reference_io.pt, a real 123 KB kernel_src/fused_moe.py, an independent baseline_src/fused_moe_frozen.py, candidate_bind, 4 cases, a 46 KB selection_validation, a rebind_seam_note, and a measured null_candidate_noise_floor of weighted 1.0197/1.0183 (i.e. ~2% is noise on this op). It is NOT this row: its workload.name_match is mfma_moe2_afp4_wfp4_bf16_cshuffle, pct_gpu_time 10.832, and its selection_validation contains no flatmm/ck device kernel at all - it captured the mfma path, not the CK path. Promoting MM-2 therefore means re-capturing that package's seam with the CK backend selected, not building a package from scratch. OPEN QUESTION FOR THE OWNER (chaox): both MiniMax MoE packages were captured under backend=vllm (kernel_source /usr/local/lib/python3.12/dist-packages/aiter/fused_moe.py, serving_config.backend 'vllm'), while the info table heads this model with a SGLANG image. Confirm which stack the 7.49% MM-2 measurement came from before capturing.
MM-3	MiniMax-M3-MXFP4	gqa_share_sparse_decode_kernel	Triton	decode	7.63	78%	86%	+2.69%	1	BUILT	minimax-m3__gqa_share_sparse_decode_kernel	Z/MiniMax-M3-MXFP4_gqa_share_sparse_decode_kernel	_gqa_share_sparse_decode_kernel	sglang.srt.layers.attention.minimax_sparse_ops.minimax_sparse:flash_decode_with_gqa_share_sparse	RESOLVED 2026-09-16: the missing ut/timing_geometry.pt was located in the ORIGINAL GEAK capture directory named in the package's own ut/README.md, and its sha256 matches the value ut/meta.json records exactly - so this is the authentic artifact, not a reconstruction. build_suite.py now copies it in via the manifest's extra_files. Correction to an earlier note in this file: _geo() is NOT on the frozen-oracle comparison path - unittest.py completes the recorded-oracle check first and only then reaches the geometry, so the earlier claim that the leg died 'before any comparison' was wrong.
MM-4	MiniMax-M3-MXFP4	_gemm_afp4wfp4_kernel	Triton	decode	5.14	24%			2	NOT_BUILT	minimax-m3__gemm_afp4wfp4_kernel	Z/MiniMax-M3-MXFP4_gemm_afp4wfp4_kernel	_gemm_afp4wfp4_kernel_BLOCK_SIZE_M_32_BLOCK_SIZE_N_32_BLOCK_SIZE_K_512_...	aiter.ops.triton.gemm_afp4wfp4:gemm_afp4wfp4	IMAGE-VERIFIED 2026-09-15: the editable source EXISTS in the row's own runtime image. sglang:v0.5.17-rocm720-mi35x-profilerfix (sglang 2948168546, aiter d9e5ef7ce08e) carries the Triton kernel at /sgl-workspace/aiter/aiter/ops/triton/_triton_kernels/gemm/basic/gemm_afp4wfp4.py:36 (_gemm_afp4wfp4_kernel, 25526 bytes) and its wrapper at aiter/ops/triton/gemm/basic/gemm_afp4wfp4.py:259 (gemm_afp4wfp4, 21731 bytes); a gluon variant also exists. The UT package is the problem, not the source: kernel_src/ holds only .gitkeep, candidate_bind is the empty stub {'kind':'module','module':'','file':'kernel_src/'}, and there is no reference_io.pt - unittest.py prints the UT_HARNESS_INCOMPLETE sentinel and exits 3. Remaining work: vendor the two files, fill in candidate_bind, and CAPTURE AN ORACLE - that last one needs a live server run and is the real cost.
MM-5	MiniMax-M3-MXFP4	gqa_share_sparse_fwd_kernel	triton / attention	prefill	3.98	10.72%	14.1%	10.28% (GEAK self-measured)	1	BUILT	minimax-m3__gqa_share_sparse_fwd_kernel	Z/MiniMax-M3-MXFP4_gqa_share_sparse_fwd_kernel	_gqa_share_sparse_fwd_kernel	sglang.kernels.ops.attention.minimax_sparse.prefill.topk_sparse:flash_prefill_with_gqa_share_sparse	RESOLVED 2026-09-16: the missing ut/timing_geometry.pt was located in the ORIGINAL GEAK capture directory named in the package's own ut/README.md, and its sha256 matches the value ut/meta.json records exactly - so this is the authentic artifact, not a reconstruction. build_suite.py now copies it in via the manifest's extra_files. Correction to an earlier note in this file: _geo() is NOT on the frozen-oracle comparison path - unittest.py completes the recorded-oracle check first and only then reaches the geometry, so the earlier claim that the leg died 'before any comparison' was wrong.
G52-1	GLM-5.2-MXFP4	sparse_attention_kernel	tilelang	prefill	27.47	26.5	26.3		1	BUILT	glm-5.2-mxfp4__dsa_mla_core_prefill	Z/GLM-5.2-MXFP4_main_kernel_dsa_mla_core	main_kernel (TileLang sparse_mla_fwd_decode_partial_fp8 + sparse_mla_fwd_decode_combine)	sglang.kernels.ops.attention.dsa.tilelang_kernel:tilelang_sparse_fwd	matched to the package by pct_gpu_time 27.47.
G52-2	GLM-5.2-MXFP4	sparse_mla_fwd_decode_partial_fp8	tilelang	decode	21.39	9.2	18.4		1	BUILT	glm-5.2-mxfp4__dsa_decode	Z/GLM-5.2-MXFP4_main_kernel_dsa_decode	main_kernel	sglang.kernels.ops.attention.dsa.tilelang_kernel:tilelang_sparse_fwd	matched to the package by pct_gpu_time 21.39. Shares tilelang_kernel.py with G52-1 but is a different captured regime and a different oracle. The upstream ut/unittest.py ships a wrong-axis bug in its graph-replay bundle builder that kills the correctness leg with SIGABRT before any check runs; this suite applies a recorded one-character fix (see config.yaml headkernel.ut_patches) to its COPY of the UT. The upstream package is untouched and the defect should be reported to its owner.
G52-3	GLM-5.2-MXFP4	mfma_moe2_afp4_wfp4_bf16_cshuffle	ck	prefill+decode	18.38	6.0	13.2		1	BUILT	glm-5.2-mxfp4__fused_moe_mxfp4_flydsl	Z/GLM-5.2-MXFP4_fused_moe_mxfp4_flydsl	mfma_moe2_afp4_wfp4_bf16_cshuffle_*	aiter.fused_moe:fused_moe_	93.9% of the modelled gain sits in the decode M=256 bucket, which in production is captured by a cuda graph. IMPORTANT: the upstream kernel_src is the stock aiter file PLUS a 15-line metadata-only provenance stamp (fused_moe_.__module__/__qualname__ appended after the fused_moe_ definition) - NOT a prior GEAK tuning. It is load-bearing: @torch_compile_guard returns a closure defined in aiter/jit/utils/torch_guard.py, so without the stamp BOTH legs report the same {module,file,qualname} and harness_lib.assert_legs_differ refuses to measure with exit=2. The package says so itself in meta.json candidate_bind_note ('KEEP IT when editing kernel_src'). An earlier build of this suite stripped it and the task failed exit=2; the row now carries stock_ref so source/ is seeded from the stamped file, and preserve_text so the compile leg fails loudly if an optimizer deletes it. ORACLE DRIFT, diagnosed on GPU 2026-09-20. With the identity stamp restored the UT now measures both legs (GEAK_WEIGHTED_SPEEDUP 1.0002, a clean null run as expected for a stock source) and the value-parity leg against the LIVE baseline passes on all six draws (err 0.11-0.17). What fails is the comparison against the FROZEN capture: [oracle] err 9.25 / 38.66 / 31.98 and [eager] err 19.77 / 17.97, i.e. 200-700x the tol of 0.05 - not numerical noise but a different output. Candidate and live baseline agree with each other and disagree with reference_io.pt, so the blob no longer describes what this stack computes. The image is not the culprit: the upstream README names the same sglang:v0.5.17-rocm720-mi35x-profilerfix, and the two sibling GLM-5.2 DSA tasks pass under it. The run log shows aiter falling back to 'using 2stage default' and a heuristic FlyDSL config, so the most likely cause is that the capture ran with a tuned MoE dispatch config that is no longer present. NEEDS THE PACKAGE OWNER: either ship the tuning config the capture used, or re-capture the oracle on the current stack.
G52-4	GLM-5.2-MXFP4	hgemm_bf16	flydsl	prefill+decode	10.85	43	49		2	NOT_BUILT	glm-5.2-mxfp4__dense_bf16_gemm_cijk	Z/GLM-5.2-MXFP4_dense_bf16_gemm_cijk	Cijk_Alik_Bljk_..._MT256x256x64_MI16x16x1_...	aiter.tuned_gemm:TunedGemm.mm	IMAGE-VERIFIED 2026-09-15: the editable source EXISTS in the row's own runtime image. sglang:v0.5.17-rocm720-mi35x-profilerfix (sglang 2948168546, aiter d9e5ef7ce08e) carries aiter/tuned_gemm.py with class TunedGemm:683 / def mm:707 / tgemm = TunedGemm():730 - this row's exact target - and it is byte-size and commit identical to the copy already in this suite at qwen3.8-2.4t__dense_bf16_gemm_cluster/source/. The package ships a 221 MB frozen oracle, meta.build=false, and a rebind_seam_note plus seam_candidates showing the author scoped a rebind and never shipped one. Its target_callable (aiter.tuned_gemm:TunedGemm.mm) and baseline_callable (aiter.tuned_gemm:tgemm.mm) are the class method and the bound method of the module's own singleton - the same code reached two ways - so both legs resolve identically today. Remaining work: candidate_bind only.
G52-5	GLM-5.2-MXFP4	mfma_moe1_silu_mul	flydsl	prefill+decode	8.42	86.1	87.4		1	BUILT	glm-5.2-mxfp4__fused_moe_mxfp4_flydsl	Z/GLM-5.2-MXFP4_fused_moe_mxfp4_flydsl	mfma_moe1_silu_mul_afp4_wfp4_fp4_t32x128x256_pm1_fp4q_sort_async_v32		stage 1 of the same aiter.fused_moe:fused_moe_ seam as G52-3. ORACLE DRIFT, diagnosed on GPU 2026-09-20. With the identity stamp restored the UT now measures both legs (GEAK_WEIGHTED_SPEEDUP 1.0002, a clean null run as expected for a stock source) and the value-parity leg against the LIVE baseline passes on all six draws (err 0.11-0.17). What fails is the comparison against the FROZEN capture: [oracle] err 9.25 / 38.66 / 31.98 and [eager] err 19.77 / 17.97, i.e. 200-700x the tol of 0.05 - not numerical noise but a different output. Candidate and live baseline agree with each other and disagree with reference_io.pt, so the blob no longer describes what this stack computes. The image is not the culprit: the upstream README names the same sglang:v0.5.17-rocm720-mi35x-profilerfix, and the two sibling GLM-5.2 DSA tasks pass under it. The run log shows aiter falling back to 'using 2stage default' and a heuristic FlyDSL config, so the most likely cause is that the capture ran with a tuned MoE dispatch config that is no longer present. NEEDS THE PACKAGE OWNER: either ship the tuning config the capture used, or re-capture the oracle on the current stack.
